{
  "pattern_interior_corners": [
    5,
    5
  ],
  "square_mm": 20.0,
  "px_per_mm": 3.1,
  "mm_per_px": 0.3225806451612903,
  "homography": [
    [
      1.0675469269091424,
      0.12835674390429624,
      0.047051895229458296
    ],
    [
      0.0070953284069542955,
      1.1927950694400002,
      0.6294085799926279
    ],
    [
      2.97783147902837e-05,
      0.0001754131563940796,
      1.0
    ]
  ],
  "output_size": [
    1317,
    1036
  ],
  "reproj_error_px_mean": 0.947904109954834,
  "reproj_error_px_max": 4.116447925567627,
  "note": "H maps original-image pixels -> calibrated top-down pixels."
}