{
  "model": "radial k1 only, principal point fixed at image centre",
  "n_boards": 6,
  "boards_used": [
    "SI0201437020260723044428_00001_000_040_AfterRecoating.jpg",
    "SI0201437020260723072052_00001_000_040_AfterRecoating.jpg",
    "SI0201437020260723073119_00001_000_040_AfterRecoating.jpg",
    "SI0201437020260723074233_00001_000_040_AfterRecoating.jpg",
    "SI0201437020260723075337_00001_000_040_AfterRecoating.jpg",
    "SI0201437020260723080625_00001_000_040_AfterRecoating.jpg"
  ],
  "rms_reproj_error_px": 0.584378146011065,
  "square_mm": 20.0,
  "px_per_mm": 3.1,
  "mm_per_px": 0.3225806451612903,
  "camera_matrix": [
    [
      1480.5062505439578,
      0.0,
      640.0
    ],
    [
      0.0,
      1480.5062505439578,
      512.0
    ],
    [
      0.0,
      0.0,
      1.0
    ]
  ],
  "dist_coeffs": [
    -0.18476642054393408,
    0.0,
    0.0,
    0.0,
    0.0
  ],
  "homography_undistorted_to_calibrated": [
    [
      1.0424089835859691,
      0.10542801484077392,
      0.5704764391975345
    ],
    [
      0.002829418148126525,
      1.154034626296843,
      0.5871626729833679
    ],
    [
      2.2096239994040703e-05,
      0.00014374929544791904,
      1.0
    ]
  ],
  "output_size": [
    1299,
    1031
  ],
  "work_area_polygon_calibrated_px": [
    [
      951.89794921875,
      678.6442260742188
    ],
    [
      890.42724609375,
      680.0303955078125
    ],
    [
      766.3458862304688,
      682.4969482421875
    ],
    [
      704.00439453125,
      683.5377197265625
    ],
    [
      311.1673889160156,
      682.5020751953125
    ],
    [
      311.6202697753906,
      492.0381774902344
    ],
    [
      329.4997253417969,
      198.47625732421875
    ],
    [
      696.1653442382812,
      187.62753295898438
    ],
    [
      936.0546264648438,
      190.3636474609375
    ]
  ],
  "pipeline": "undistort(K,dist) -> warpPerspective(H)"
}