{
  "model": "radial k1 only, principal point fixed at image centre",
  "n_boards": 6,
  "boards_used": [
    "SI0201437020260723044428_00001_000_040_AfterRecoating.jpg",
    "SI0201437020260723072052_00001_000_040_AfterRecoating.jpg",
    "SI0201437020260723073119_00001_000_040_AfterRecoating.jpg",
    "SI0201437020260723074233_00001_000_040_AfterRecoating.jpg",
    "SI0201437020260723075337_00001_000_040_AfterRecoating.jpg",
    "SI0201437020260723080625_00001_000_040_AfterRecoating.jpg"
  ],
  "rms_reproj_error_px": 0.5843781460110654,
  "square_mm": 20.0,
  "px_per_mm": 3.1,
  "mm_per_px": 0.3225806451612903,
  "camera_matrix": [
    [
      1480.5062485405344,
      0.0,
      640.0
    ],
    [
      0.0,
      1480.5062485405344,
      512.0
    ],
    [
      0.0,
      0.0,
      1.0
    ]
  ],
  "dist_coeffs": [
    -0.1847664199591482,
    0.0,
    0.0,
    0.0,
    0.0
  ],
  "homography_undistorted_to_calibrated": [
    [
      1.0340259824996227,
      0.14005296073274248,
      0.13860082307985522
    ],
    [
      -0.006891582751686967,
      1.2033827986218901,
      9.386504936115045
    ],
    [
      -1.2255255166815309e-05,
      0.00021944991599772326,
      1.0
    ]
  ],
  "output_size": [
    1345,
    1020
  ],
  "work_area_polygon_calibrated_px": [
    [
      950.9719848632812,
      201.86050415039062
    ],
    [
      950.3681030273438,
      696.6801147460938
    ],
    [
      888.4733276367188,
      697.2222900390625
    ],
    [
      764.330322265625,
      697.9869384765625
    ],
    [
      702.3531494140625,
      698.17578125
    ],
    [
      317.62322998046875,
      692.0615234375
    ],
    [
      316.39129638671875,
      506.8824768066406
    ],
    [
      331.6046447753906,
      211.96058654785156
    ],
    [
      703.0309448242188,
      199.72877502441406
    ]
  ],
  "pipeline": "undistort(K,dist) -> warpPerspective(H)"
}